ID,prediction
28800,-0.9806167319614343
28801,0.6607333043059251
28802,-1.7513409045528416
