ID,prediction
28800,-2.2417424619197845
28801,0.13974865665659308
28802,-3.0017812252044678
